site,city,pathogen,faecal,arg,composite,pathogen_pct,faecal_pct,arg_pct,comp_pct,rule_gap,rule_hidden_arg,arg_gap,divergent
BN1,Benevento,0.2054,0.2427,0.4792,0.3091,0.646,0.323,0.802,0.573,False,False,0.229,False
BN2,Benevento,0.6456,0.5343,1.0,0.7266,0.969,0.875,1.0,0.99,False,False,0.01,False
BN3,Benevento,0.3554,0.7104,0.0,0.3553,0.844,0.948,0.01,0.703,False,False,-0.693,False
BN4,Benevento,0.3065,0.4667,0.3717,0.3817,0.781,0.792,0.562,0.781,False,False,-0.219,False
BN5,Benevento,0.0758,0.2193,0.3856,0.2269,0.307,0.281,0.615,0.344,False,False,0.271,False
BN6,Benevento,0.2056,0.4619,0.3583,0.342,0.656,0.771,0.51,0.635,False,False,-0.125,False
BN7,Benevento,0.4126,0.5393,0.3509,0.4343,0.906,0.885,0.5,0.896,False,False,-0.396,False
BN8,Benevento,0.3383,0.477,0.4015,0.4056,0.823,0.802,0.656,0.823,False,False,-0.167,False
BN9,Benevento,0.2515,0.4117,0.384,0.3491,0.708,0.698,0.594,0.677,False,False,-0.083,False
BN10,Benevento,0.762,0.8423,0.2686,0.6243,0.99,0.969,0.229,0.979,False,False,-0.75,False
BN11,Benevento,0.0754,0.2158,0.0329,0.108,0.292,0.271,0.042,0.031,False,False,0.01,False
BN12,Benevento,0.0748,0.1445,0.0491,0.0895,0.26,0.146,0.062,0.021,False,False,0.042,False
BN13,Benevento,0.1003,0.3295,0.2723,0.234,0.385,0.542,0.271,0.365,False,False,-0.094,False
BN14,Benevento,0.1101,0.2119,0.181,0.1676,0.406,0.25,0.146,0.104,False,False,0.042,False
BN15,Benevento,0.3487,0.3778,0.3881,0.3715,0.833,0.625,0.625,0.76,False,False,-0.135,False
BN16,Benevento,0.1258,0.4229,0.1122,0.2203,0.49,0.719,0.083,0.292,False,False,-0.208,False
BN17,Benevento,0.4909,0.6187,0.0307,0.3801,0.938,0.927,0.031,0.771,False,False,-0.74,False
BN18,Benevento,0.3149,0.4429,0.4485,0.4021,0.792,0.75,0.729,0.802,False,False,-0.073,False
BN19,Benevento,0.2572,0.3391,0.1262,0.2408,0.729,0.594,0.104,0.406,False,False,-0.302,False
BN20,Benevento,0.3881,0.5078,0.3661,0.4207,0.875,0.844,0.542,0.854,False,False,-0.312,False
C1,Coimbra,0.0746,0.2477,0.3374,0.2199,0.245,0.344,0.458,0.271,False,False,0.188,False
C2,Coimbra,0.507,0.5072,0.2522,0.4221,0.958,0.833,0.198,0.865,False,False,-0.667,False
C3,Coimbra,0.2973,0.2051,0.2283,0.2436,0.75,0.219,0.177,0.427,False,False,-0.25,False
C4,Coimbra,0.0496,0.1409,0.0339,0.0748,0.161,0.125,0.052,0.01,False,False,0.042,False
C5,Coimbra,1.0,1.0,0.3465,0.7822,1.0,1.0,0.479,1.0,False,False,-0.521,False
C6,Coimbra,0.7351,0.6664,0.3841,0.5952,0.979,0.938,0.604,0.969,False,False,-0.365,False
C7,Coimbra,0.1783,0.5702,0.0027,0.2504,0.625,0.906,0.021,0.458,False,False,-0.438,False
C8,Coimbra,0.406,0.4457,0.432,0.4279,0.896,0.76,0.698,0.885,False,False,-0.188,False
C9,Coimbra,0.1265,0.1443,0.3186,0.1964,0.5,0.135,0.406,0.177,False,False,0.229,False
C10,Coimbra,0.05,0.4146,0.0906,0.1851,0.198,0.708,0.073,0.146,True,False,-0.073,True
C11,Coimbra,0.0509,0.187,0.1456,0.1278,0.219,0.188,0.125,0.042,False,False,0.083,False
C12,Coimbra,0.4217,0.8051,0.3704,0.5324,0.917,0.958,0.552,0.958,False,False,-0.406,False
C13,Coimbra,0.1499,0.2287,0.2708,0.2165,0.552,0.292,0.26,0.26,False,False,0.0,False
C14,Coimbra,0.2241,0.1143,0.3343,0.2243,0.667,0.078,0.438,0.302,False,False,0.135,False
C15,Coimbra,0.3791,0.3851,0.2706,0.3449,0.854,0.646,0.245,0.656,False,False,-0.411,False
C16,Coimbra,0.5063,0.2531,0.3008,0.3534,0.948,0.354,0.344,0.688,False,False,-0.344,False
C19,Coimbra,0.3044,0.4625,0.5433,0.4367,0.771,0.781,0.917,0.911,False,False,0.005,False
C20,Coimbra,0.2243,0.2044,0.5623,0.3304,0.677,0.208,0.927,0.615,False,True,0.312,True
G2,Ghent,0.1242,0.2672,0.4669,0.2861,0.427,0.375,0.781,0.531,False,False,0.25,False
G3,Ghent,0.1004,0.3096,0.1812,0.1971,0.396,0.479,0.156,0.188,False,False,-0.031,False
G4,Ghent,0.0503,0.1824,0.4763,0.2363,0.208,0.177,0.792,0.385,False,True,0.406,True
G5,Ghent,0.0496,0.3549,0.313,0.2392,0.161,0.604,0.385,0.396,False,False,-0.01,False
G6,Ghent,0.1738,0.3113,0.175,0.2201,0.604,0.49,0.135,0.281,False,False,-0.146,False
G7,Ghent,0.0746,0.2452,0.261,0.1936,0.245,0.333,0.219,0.167,False,False,0.052,False
G8,Ghent,0.0993,0.2305,0.3183,0.2161,0.333,0.302,0.396,0.25,False,False,0.146,False
G9,Ghent,0.1492,0.3966,0.5202,0.3553,0.542,0.667,0.865,0.703,False,False,0.161,False
G10,Ghent,0.0248,0.1193,0.3591,0.1677,0.052,0.094,0.521,0.115,False,False,0.406,False
G11,Ghent,0.1253,0.2544,0.2956,0.2251,0.474,0.365,0.333,0.333,False,False,0.0,False
G12,Ghent,0.0995,0.2129,0.3624,0.225,0.354,0.26,0.531,0.323,False,False,0.208,False
G13,Ghent,0.0752,0.2104,0.345,0.2102,0.276,0.24,0.469,0.208,False,False,0.26,False
G14,Ghent,0.0,0.1323,0.3366,0.1563,0.016,0.115,0.448,0.094,False,False,0.354,False
G15,Ghent,0.0513,0.1673,0.4544,0.2244,0.229,0.167,0.74,0.312,False,False,0.427,False
G16,Ghent,0.2484,0.2897,0.3971,0.3117,0.688,0.396,0.635,0.583,False,False,0.052,False
G21,Ghent,0.0499,0.3255,0.4933,0.2896,0.188,0.531,0.812,0.542,False,False,0.271,False
G22,Ghent,0.1501,0.2921,0.1152,0.1858,0.562,0.417,0.094,0.156,False,False,-0.062,False
O1,Oslo,0.0993,0.2919,0.3826,0.2579,0.333,0.406,0.583,0.49,False,False,0.094,False
O2,Oslo,0.0495,0.2932,0.3814,0.2414,0.135,0.427,0.573,0.417,False,False,0.156,False
O3,Oslo,0.1248,0.3136,0.3035,0.2473,0.458,0.5,0.375,0.448,False,False,-0.073,False
O4,Oslo,0.0248,0.2344,0.5403,0.2665,0.052,0.312,0.885,0.51,False,False,0.375,False
O5,Oslo,0.0248,0.385,0.2865,0.2321,0.052,0.635,0.302,0.354,False,False,-0.052,False
O6,Oslo,0.0752,0.1625,0.3025,0.18,0.276,0.156,0.365,0.135,False,False,0.229,False
O7,Oslo,0.0993,0.2728,0.462,0.278,0.333,0.385,0.771,0.521,False,False,0.25,False
O8,Oslo,0.149,0.3018,0.4616,0.3041,0.531,0.448,0.76,0.562,False,False,0.198,False
O9,Oslo,0.0,0.0,0.3972,0.1324,0.016,0.01,0.646,0.062,True,False,0.583,True
O10,Oslo,0.0249,0.3387,0.2706,0.2114,0.089,0.583,0.245,0.219,False,False,0.026,False
O11,Oslo,0.1734,0.3317,0.6038,0.3696,0.594,0.552,0.943,0.75,False,False,0.193,False
O12,Oslo,0.0997,0.3184,0.6845,0.3675,0.37,0.51,0.99,0.74,False,False,0.25,False
O13,Oslo,0.1242,0.295,0.5408,0.32,0.427,0.438,0.896,0.594,False,False,0.302,False
O14,Oslo,0.0249,0.112,0.6038,0.2469,0.089,0.062,0.943,0.438,True,True,0.505,True
O15,Oslo,0.0495,0.1143,0.4447,0.2028,0.135,0.078,0.719,0.198,True,False,0.521,True
O16,Oslo,0.251,0.4781,0.4964,0.4085,0.698,0.812,0.823,0.833,False,False,-0.01,False
O17,Oslo,0.3364,0.4261,0.497,0.4198,0.812,0.729,0.833,0.844,False,False,-0.01,False
O18,Oslo,0.1488,0.4071,0.4311,0.329,0.521,0.688,0.688,0.604,False,False,0.083,False
O19,Oslo,0.1739,0.3078,0.289,0.2569,0.615,0.469,0.323,0.479,False,False,-0.156,False
O20,Oslo,0.1253,0.3354,0.4327,0.2978,0.474,0.573,0.708,0.552,False,False,0.156,False
T1,Toulouse,0.4012,0.532,0.2785,0.4039,0.885,0.865,0.292,0.812,False,False,-0.521,False
T2,Toulouse,0.0997,0.126,0.414,0.2132,0.37,0.104,0.667,0.229,False,False,0.438,False
T3,Toulouse,0.3248,0.3904,0.4614,0.3922,0.802,0.656,0.75,0.792,False,False,-0.042,False
T4,Toulouse,0.1242,0.5135,0.1303,0.256,0.427,0.854,0.115,0.469,False,False,-0.354,False
T5,Toulouse,0.154,0.8464,0.2778,0.426,0.583,0.979,0.281,0.875,False,False,-0.594,False
T6,Toulouse,0.1502,0.5056,0.4162,0.3573,0.573,0.823,0.677,0.729,False,False,-0.052,False
T7,Toulouse,0.0758,0.2074,0.2231,0.1687,0.307,0.229,0.167,0.125,False,False,0.042,False
T8,Toulouse,0.025,0.1995,0.2415,0.1554,0.109,0.198,0.188,0.083,False,False,0.104,False
T9,Toulouse,0.025,0.1039,0.2561,0.1283,0.109,0.042,0.208,0.052,False,False,0.156,False
T10,Toulouse,0.0497,0.0193,0.6355,0.2348,0.177,0.021,0.969,0.375,True,True,0.594,True
T11,Toulouse,0.4285,0.5475,0.334,0.4367,0.927,0.896,0.417,0.911,False,False,-0.495,False
T12,Toulouse,0.0495,0.0918,0.6525,0.2646,0.135,0.031,0.979,0.5,False,True,0.479,True
T13,Toulouse,0.1243,0.3044,0.6042,0.3443,0.448,0.458,0.958,0.646,False,False,0.312,False
T14,Toulouse,0.2763,0.5787,0.525,0.46,0.74,0.917,0.875,0.938,False,False,-0.062,False
T16,Toulouse,0.0248,0.3325,0.2866,0.2146,0.052,0.562,0.312,0.24,False,False,0.073,False
T17,Toulouse,0.2525,0.9979,0.3341,0.5282,0.719,0.99,0.427,0.948,False,False,-0.521,False
T18,Toulouse,0.2995,0.3628,0.3494,0.3372,0.76,0.615,0.49,0.625,False,False,-0.135,False
T19,Toulouse,0.0248,0.1091,0.3021,0.1453,0.052,0.052,0.354,0.073,False,False,0.281,False
T20,Toulouse,0.3798,0.431,0.5091,0.44,0.865,0.74,0.844,0.927,False,False,-0.083,False
T22,Toulouse,0.1988,0.3252,0.5428,0.3556,0.635,0.521,0.906,0.719,False,False,0.188,False
T25,Toulouse,0.1266,0.4027,0.5096,0.3463,0.51,0.677,0.854,0.667,False,False,0.188,False
